,model,score,past_step,future_step
0,GAT_LSTM,195.66503758584298,30,50
1,GLSTMseq2seq,195.8089341194399,30,50
2,GAT_LSTMseq2seq,196.46364507367534,30,50
3,GCN_LSTM,199.06736952258694,30,50
4,GLSTM,199.1741716938634,30,50
