,l1,MSE,Infty,max_var,expected_var,name,past_step,future_step
0,81.89548641540318,530621.5484017148,123239.71044921875,7917.644049971626,259.845269752741,GLSTM,30,50
0,50.85500055038446,16829.344109582347,9752.03267288208,625.6886312776297,90.29211115179919,GLSTMseq2seq,30,50
0,86.83906473537456,548554.7547529193,122604.6025390625,7851.168288437222,264.54713101995895,GCN_LSTM,30,50
0,49.87177067656034,16414.43091083564,11037.6689453125,711.1404491643614,96.26374028661671,GAT_LSTMseq2seq,30,50
0,79.96656470782919,534850.8212258982,122330.56884765625,7866.126685457528,252.32128934895894,GAT_LSTM,30,50
