,l1,MSE,Infty,max_std,expected_std,name,past_step,future_step
0,189.11683605609488,1027852.9456503318,128527.78750610352,8223.755136995005,430.8801512464492,GLSTM,30,50
0,209.32051958277268,1014562.6664668929,128450.50877380371,8223.775976533085,430.836953918909,GLSTMseq2seq,30,50
0,197.66271779988773,1049350.8890397195,128556.79340970516,8223.859514823702,431.1145837010936,GCN_LSTM,30,50
0,192.60325634733903,1046038.951120892,128544.71927452087,8223.839221185699,431.01782079280076,GAT_LSTMseq2seq,30,50
0,187.84602989245212,1038542.9080562793,128541.89359283447,8223.853995328884,431.0954659102515,GAT_LSTM,30,50
