,model,score,past_step,future_step
0,GAT_LSTM,153.21472500216575,30,50
1,GCN_LSTM,154.7177731913905,30,50
2,GLSTM,155.64657186692762,30,50
3,GAT_LSTMseq2seq,160.95088577270508,30,50
4,GLSTMseq2seq,198.55743998865927,30,50
