,model,score,past_step,future_step
0,GLSTM,72.4062559681554,30,50
1,GAT_LSTM,76.07384318690146,30,50
2,GCN_LSTM,76.16681609615203,30,50
3,GLSTMseq2seq,117.07674371042559,30,50
4,GAT_LSTMseq2seq,324.54040241241455,30,50
