,model,score,past_step,future_step
0,GLSTMseq2seq,47.43830096721649,30,50
1,GAT_LSTMseq2seq,47.57135772705078,30,50
2,GAT_LSTM,76.08467841148376,30,50
3,GLSTM,78.99462103843689,30,50
4,GCN_LSTM,81.79867541790009,30,50
