,model,score
0,GLSTMseq2seq,842335.005756579
1,GCN_LSTM,865934.8605314556
2,GAT_LSTMseq2seq,842164.166118421
3,GAT_LSTM,865393.0546875
