,model,score
0,GCN_LSTM,842335.005756579
1,GLSTM,721753.7642372533
2,GAT_LSTM,842164.166118421
