,model,score
0,GLSTMseq2seq,182.74024309430803
1,GLSTM,183.07781328473772
